case_id,N,Nx,Ny,direct_mean_s,direct_min_s,spectral_mean_s,spectral_min_s,speedup_direct_over_spectral,direct_mem_mean_mb,spectral_mem_mean_mb,eta_max_abs_err,phi_max_abs_err,eta_nan_count,phi_nan_count
1,20,64,64,0.277834,0.277834,0.0056424,0.0056424,49.2403941585141,0,0,7.02909952465802e-15,8.43769498715119e-14,0,0
2,40,64,64,1.6924065,1.6924065,0.0215741,0.0215741,78.4462156011143,0,0,8.21565038222616e-15,1.36779476633819e-13,0,0
3,60,64,64,5.7817084,5.7817084,0.0380868,0.0380868,151.803469968598,0.2109375,0.5234375,1.65423230669148e-14,1.98063787593128e-13,0,0
4,100,64,64,24.8728376,24.8728376,0.1613551,0.1613551,154.149683524103,0,0,4.08562073062058e-14,5.77315972805081e-13,0,0
